<channel>
  <id>1b920e4c-67bd-4312-831c-f17e6413d556</id>
  <name>02_ELR_PHIX_FILE_READER</name>
  <description></description>
  <enabled>true</enabled>
  <version>2.1.1.5490</version>
  <lastModified>
    <time>1328732538046</time>
    <timezone>America/New_York</timezone>
  </lastModified>
  <revision>6</revision>
  <sourceConnector>
    <name>sourceConnector</name>
    <properties>
      <property name="DataType">File Reader</property>
      <property name="FTPAnonymous">1</property>
      <property name="autoDelete">0</property>
      <property name="binary">0</property>
      <property name="charsetEncoding">DEFAULT_ENCODING</property>
      <property name="checkFileAge">1</property>
      <property name="fileAge">1000</property>
      <property name="fileFilter">*</property>
      <property name="host">C:/phixdata/HL7_IN</property>
      <property name="moveToDirectory">C:/phixdata/HL7_PROCESSED</property>
      <property name="moveToErrorDirectory">C:/phixdata/HL7_ERROR</property>
      <property name="moveToPattern">${ORIGINALNAME}</property>
      <property name="passive">1</property>
      <property name="password">anonymous</property>
      <property name="pollingFrequency">1000</property>
      <property name="pollingType">interval</property>
      <property name="processBatchFiles">1</property>
      <property name="regex">0</property>
      <property name="scheme">file</property>
      <property name="secure">1</property>
      <property name="sortAttribute">date</property>
      <property name="timeout">10000</property>
      <property name="username">anonymous</property>
      <property name="validateConnections">1</property>
    </properties>
    <transformer>
      <steps/>
      <inboundProtocol>HL7V2</inboundProtocol>
      <outboundProtocol>HL7V2</outboundProtocol>
      <inboundProperties>
        <property name="convertLFtoCR">true</property>
        <property name="handleRepetitions">false</property>
        <property name="handleSubcomponents">false</property>
        <property name="stripNamespaces">true</property>
        <property name="useStrictParser">false</property>
        <property name="useStrictValidation">false</property>
      </inboundProperties>
      <outboundProperties>
        <property name="convertLFtoCR">true</property>
        <property name="handleRepetitions">false</property>
        <property name="handleSubcomponents">false</property>
        <property name="stripNamespaces">true</property>
        <property name="useStrictParser">false</property>
        <property name="useStrictValidation">false</property>
      </outboundProperties>
    </transformer>
    <filter>
      <rules/>
    </filter>
    <transportName>File Reader</transportName>
    <mode>SOURCE</mode>
    <enabled>true</enabled>
    <version>2.1.1.5490</version>
  </sourceConnector>
  <destinationConnectors>
    <connector>
      <name>01_PHIX destination</name>
      <properties>
        <property name="DataType">Channel Writer</property>
        <property name="host">e51864a0-8c48-434c-a437-8e706e26c92a</property>
        <property name="synchronised">0</property>
        <property name="template">${message.encodedData}</property>
      </properties>
      <transformer>
        <steps/>
        <inboundProtocol>HL7V2</inboundProtocol>
        <outboundProtocol>HL7V2</outboundProtocol>
        <inboundProperties>
          <property name="convertLFtoCR">true</property>
          <property name="handleRepetitions">false</property>
          <property name="handleSubcomponents">false</property>
          <property name="stripNamespaces">true</property>
          <property name="useStrictParser">false</property>
          <property name="useStrictValidation">false</property>
        </inboundProperties>
        <outboundProperties>
          <property name="convertLFtoCR">true</property>
          <property name="handleRepetitions">false</property>
          <property name="handleSubcomponents">false</property>
          <property name="stripNamespaces">true</property>
          <property name="useStrictParser">false</property>
          <property name="useStrictValidation">false</property>
        </outboundProperties>
      </transformer>
      <filter>
        <rules/>
      </filter>
      <transportName>Channel Writer</transportName>
      <mode>DESTINATION</mode>
      <enabled>true</enabled>
      <version>2.1.1.5490</version>
    </connector>
  </destinationConnectors>
  <properties>
    <property name="clearGlobalChannelMap">true</property>
    <property name="dont_store_filtered">false</property>
    <property name="encryptData">false</property>
    <property name="error_messages_only">false</property>
    <property name="initialState">started</property>
    <property name="max_message_age">-1</property>
    <property name="store_messages">true</property>
    <property name="synchronous">true</property>
    <property name="transactional">false</property>
  </properties>
  <preprocessingScript>// Modify the message variable below to pre process data
return message;</preprocessingScript>
  <postprocessingScript>// This script executes once after a message has been processed
return;</postprocessingScript>
  <deployScript>// This script executes once when the channel is deployed
// You only have access to the globalMap and globalChannelMap here to persist data
return;</deployScript>
  <shutdownScript>// This script executes once when the channel is undeployed
// You only have access to the globalMap and globalChannelMap here to persist data
return;</shutdownScript>
</channel>